name,occupation,gender
Gary Haugen,advocate,male
Rabbi Lord Jonathan Sacks,expert,male
Joe Kowan,musician,male
Allan Adams,physicist,male
Peter Tyack,economist,male
Heather Brooke,journalist,female
Reed Hastings,entrepreneur,male
Oscar Schwartz,poet,male
Marwa Al-Sabouni,architect,female
Steven Addis,advocate,male
Nizar Ibrahim,historian,male
Ian Bremmer,scientist,male
Lisa Harouni,entrepreneur,female
Shashi Tharoor,writer,male
Sergey Brin,scientist,female
Candy Chang,designer,female
Susan Solomon,advocate,female
JK Rowling,author,female
Diane Kelly,biologist,female
Thelma Golden,photographer,female
John Kasaona,historian,male
Lee Smolin,physicist,male
Elon Musk,entrepreneur,male
Yossi Vardi,scientist,male
David Logan,researcher,male
Christiane Amanpour,journalist,female
Ndidi Nwuneli,social,female
Jonas Gahr Støre,expert,male
Larry Brilliant,poet,male
Zaria Forman,artist,female
Marc Abrahams,historian,male
Adam Driver,biologist,male
Halla Tómasdóttir,expert,female
Sarah Donnelly,advocate,female
Courtney E. Martin,journalist,female
Joshua Klein,advocate,male
John Gable,technologist,male
John La Grou,inventor,male
Christine Sun Kim,artist,female
Deborah Gordon,biologist,female
Bart Knols,writer,male
Einstein the Parrot,writer,female
Mike deGruy,filmmaker,male
Peter Gabriel,musician,male
Jill Heinerth,scientist,female
Haas&Hahn,writer,female
Benjamin Wallace,author,male
Ethan Zuckerman,technologist,male
Marco Tempest,economist,male
Pam  Warhurst,musician,female
Neri Oxman,architect,female
Cynthia Kenyon,biologist,female
Chimamanda Ngozi Adichie,poet,male
Jonathan Marks,advocate,male
Hannah Brencher,poet,female
Birke Baehr,technologist,male
Abraham Verghese,author,male
Katie Hinde,researcher,female
Sheila Patek,researcher,female
Nirmalya Kumar,researcher,male
Raj Panjabi,poet,male
Kate Stafford,author,female
Lauren Sallan,writer,female
Sian Leah Beilock,scientist,female
Jimmy Lin,biologist,male
Elizabeth Lindsey,photographer,female
Manwar Ali,activist,male
Péter Fankhauser,roboticist,male
Sue Desmond-Hellmann,designer,female
Anindya Kundu,educator,male
Jack Choi,technologist,female
Stuart Duncan,entrepreneur,male
Peter Molyneux,designer,male
Damon Davis,filmmaker,male
Ingrid Betancourt,advocate,female
Lidia Yuknavitch,author,female
Molly Stevens,researcher,female
Patrick Awuah,social,male
Keith Schacht,inventor,female
Jason McCue,advocate,male
Diane Wolk-Rogers,educator,female
Evgeny Morozov,scientist,male
Damon Horowitz,philosopher,male
Adrianne Haslet-Davis,inventor,female
Simon Anholt,expert,male
Sendhil Mullainathan,economist,male
Roger McNamee,scientist,male
Rose Goslinga,writer,female
Joshua Foer,writer,male
Stephanie Busari,journalist,female
Mitchell Besser,researcher,male
Christiana Figueres,advocate,female
Rei,singer,female
Nic Marks,researcher,male
Donald Hoffman,scientist,male
James Watson,biologist,male
Chris Bangle,designer,male
Edwidge Danticat,author,female
Krista Donaldson,engineer,female
Luke Syson,photographer,male
Rives,poet,male
Ramsey Musallam,educator,male
Bryan Stevenson,advocate,male
Michael Archer,historian,female
Michael Green,economist,male
Sam Kass,entrepreneur,male
Sangu Delle,entrepreneur,male
Janet Iwasa,biologist,female
Stanley McChrystal,physicist,male
Cathy O'Neil,scientist,female
Kate Darling,philosopher,female
Linda Hill,researcher,female
Fred Jansen,physicist,male
They Might Be Giants,historian,female
Trevor Timm,activist,male
Alexis Ohanian,entrepreneur,male
Elif Shafak,poet,female
Ric Elias,entrepreneur,male
Carol Dweck,psychologist,female
Graham Hawkes,inventor,male
Amy Tan,poet,female
Alex Wissner-Gross,inventor,male
Supasorn Suwajanakorn,scientist,male
Kayla Briët,filmmaker,female
William McDonough,architect,male
Laura L. Dunn,advocate,female
Vikram Sharma,expert,male
Sydney Chaffee,educator,female
Casey Gerald,writer,male
Jinha Lee,entrepreneur,male
Norman Lear,activist,male
Dread Scott,artist,male
Ruth Chang,philosopher,female
Kristin Poinar,researcher,female
Pavan Sukhdev,economist,male
Bjorn Lomborg,economist,male
Arvind Gupta,writer,male
Bill Bernat,advocate,male
Drew Philp,journalist,male
Alice Goffman,expert,female
Yuval Noah Harari,historian,male
Navi Radjou,advocate,male
Stefana Broadbent,expert,female
Jessica Shortall,social,female
Dennis Hong,roboticist,male
Marlene Zuk,biologist,female
Christian Benimana,architect,male
Greg Gage,neuroscientist,male
Dave Eggers,author,male
Michael Tilson Thomas,musician,male
Cesar Harada,inventor,male
Joe DeRisi,biologist,male
Dale Dougherty,poet,male
Saki Mafundikwa,designer,male
Julia Galef,writer,female
Ray Zahab,journalist,male
Ameenah Gurib-Fakim,economist,female
Paula Hammond,researcher,female
Phil Plait,educator,male
Anab Jain,designer,female
Kirsty Duncan,scientist,female
Alberto Cairo,writer,male
"Curtis ""Wall Street"" Carroll",advocate,male
Steven Johnson,writer,male
Elizabeth Cawein,advocate,female
Sandra Aamodt,neuroscientist,female
Beau Lotto,neuroscientist,male
Lakshmi Pratury,advocate,female
Peter Doolittle,researcher,male
Omar Ahmad,technologist,male
Dalia Mogahed,engineer,female
Shih Chieh Huang,artist,male
Amber Case,expert,female
Neil Turok,physicist,male
Danny Hillis,scientist,male
Harsha Bhogle,social,male
Abigail Washburn,writer,female
Chris Nowinski,social,male
David MacKay,researcher,male
Baroness Beeban Kidron,designer,female
Michael McDaniel,designer,male
Gayle Tzemach Lemmon,historian,female
Jason Clay,writer,male
Melissa Marshall,researcher,female
Dolly Chugh,social,female
Andreas Raptopoulos,activist,male
Isabel Allende,poet,female
Jon Bowers,poet,male
Ivan Oransky,advocate,male
Philip Zimbardo,psychologist,male
Tara Houska,advocate,female
James Flynn,philosopher,male
Ernest Madu,biologist,male
Levon Biss,photographer,male
Antonio Donato Nobre,scientist,male
Shah Rukh Khan,activist,male
Kirk Sorensen,technologist,male
Cameron Herold,entrepreneur,male
E.O. Wilson,biologist,male
Tabetha Boyajian,educator,female
Victoria Pratt,researcher,female
Elora Hardy,designer,female
Mick Cornett,writer,male
DeAndrea Salvador,advocate,female
Daniel Reisel,neuroscientist,male
Tal Golesworthy,engineer,male
Jason Pontin,economist,male
Benoit Mandelbrot,scientist,male
Robert Full,biologist,male
Munir Virani,photographer,male
Denis Dutton,philosopher,male
Paul Snelgrove,biologist,male
Linus Torvalds,engineer,male
Beth Malone,social,male
Ross Lovegrove,designer,male
Doris Kearns Goodwin,historian,male
Gail Reed,expert,female
Reshma Saujani,activist,female
Mike Gil,biologist,male
Nadine Burke Harris,social,female
Leslie Dodson,historian,female
Jennifer Healey,scientist,female
Daniel Kraft,inventor,male
Stefano Mancuso,biologist,male
Steve Howard,social,male
Nadia Lopez,educator,female
Pamela Meyer,inventor,female
Harald Haas,social,male
Sugata Mitra,researcher,male
Rob Legato,artist,male
Richard Baraniuk,activist,female
David McCandless,journalist,male
Charity Tillemann-Dick,historian,female
Jeremy Kasdin,writer,female
Loretta Napoleoni,writer,female
Jill Tarter,educator,female
Morgan O'Neill,expert,female
Huang Yi,inventor,male
Colin Stokes,writer,male
Harish Manwani,technologist,male
Jia Jiang,author,male
Peter Weinstock,psychologist,male
Rainer Strack,expert,male
Sunni Brown,writer,female
Matthew Childs,author,male
Stefan Larsson,advocate,female
Mary Lou Jepsen,physicist,female
Amy Lockwood,economist,female
Jon Ronson,filmmaker,male
Imogen Heap,musician,female
Prosanta Chakrabarty,writer,male
Ash Beckham,advocate,female
Andrew Blum,author,male
Inge Missmahl,psychologist,female
Joel Levine,scientist,male
Sarah Bergbreiter,writer,female
Giles Duley,filmmaker,male
Cesar Kuriyama,photographer,male
Frances Larson,expert,female
Tom Hulme,designer,male
Ethel,writer,female
Vinay Venkatraman,designer,male
Gary Liu,expert,male
Nikki Clifton,advocate,female
Rob Forbes,designer,male
J.J. Abrams,filmmaker,male
James B. Glattfelder,biologist,male
Bobby McFerrin,musician,male
Rory Stewart,scientist,male
Kaustav Dey,designer,male
Sam Martin,writer,male
Daniel Goleman,psychologist,male
Christoph Niemann,author,male
Ziauddin Yousafzai,activist,male
T. Morgan Dixon,activist,female
Walter Hood,technologist,male
Rodrigo y Gabriela,technologist,female
Bastian Schaefer,engineer,male
Jeffrey Kluger,economist,male
Deborah Rhodes,researcher,female
Ben Kacyra,technologist,male
Latif Nasser,researcher,male
Susan Shaw,biologist,female
Jaime Lerner,technologist,male
Christen Reighter,poet,female
Carlos Bautista,technologist,female
David Epstein,historian,male
Angela Lee Duckworth,psychologist,female
Tiq Milan,activist,male
Kelly Richmond Pope,filmmaker,female
Karen J. Meech,educator,female
Ani Liu,designer,female
Abigail Marsh,psychologist,female
Elizabeth Streb,architect,female
Kandice Sumner,educator,female
Sinéad Burke,educator,female
Sherwin Nuland,author,male
Carin Bondar,biologist,female
Robert Neuwirth,author,male
Winona Guo,social,female
Karen Armstrong,engineer,female
Chris Anderson,photographer,male
Nathaniel Kahn,filmmaker,male
Emma Marris,writer,female
José Andrés,activist,male
Shereen El Feki,expert,female
Nina Tandon,researcher,female
Kare Anderson,writer,female
Lian Pin Koh,biologist,male
Johan Rockstrom,expert,male
Matilda Ho,entrepreneur,female
Andrew Solomon,writer,male
Stefon Harris,activist,male
Nikki Webber Allen,poet,male
Hannah Bürckstümmer,author,female
Shawn Achor,psychologist,male
Andrew Pelling,writer,male
Roger Stein,expert,male
Margaret Mitchell,scientist,female
Plankton Chronicles Project,scientist,female
Siddhartha Roy,engineer,male
Chuck Nice,historian,male
Marc Kushner,architect,male
Alexander Betts,social,male
Juliana Rotich,entrepreneur,female
Todd Humphreys,researcher,male
David Chalmers,philosopher,male
John Q. Walker,musician,male
Ryan Lobo,photographer,male
J.D. Vance,author,male
Lili Haydn,historian,female
Peter Eigen,expert,male
Kenneth Shinozuka,inventor,male
Alejandro Aravena,architect,male
Henry Evans,activist,male
Chika Ezeanya-Esiobu,expert,female
Sheikha Al Mayassa,social,female
Luis von Ahn,scientist,male
Emmanuel Jal,artist,male
Esther Duflo,economist,female
John Doerr,author,male
Peter Diamandis,activist,male
Knut Haanaes,advocate,male
Jaron Lanier,musician,male
Leymah Gbowee,activist,female
Van Jones,social,male
Ben Saunders,photographer,male
Arunachalam Muruganantham,inventor,female
Wade Davis,expert,male
Pat Mitchell,advocate,female
Janet Echelman,artist,female
Aomawa Shields,writer,female
Saul Griffith,inventor,male
Tom Rielly,author,male
David Brenner,scientist,male
Richard Dawkins,biologist,male
Sofi Tukker,historian,female
Jimmy Carter,activist,male
Meklit Hadero,singer,female
Sebastián Bortnik,researcher,male
Chris Urmson,roboticist,male
Ben Roche,activist,male
Jane Poynter,writer,female
Itay Talgam,expert,male
Alanna Shaikh,advocate,female
Anna Deavere Smith,social,female
Lesley Hazleton,psychologist,female
Seth Shostak,educator,male
Emma Teeling,researcher,female
Yuyu Rau,inventor,male
David Kwong,writer,male
António Guterres,author,male
Christopher C. Deam,designer,male
Mark Bezos,activist,male
Jesse Perez,singer,male
Drew Curtis,entrepreneur,male
Andrew Dent,social,male
Rachel Sussman,photographer,female
Burt Rutan,engineer,male
Andrew Fitzgerald,economist,male
Todd Kuiken,engineer,male
Wendy Chung,biologist,female
Brenda Laurel,designer,female
Carrie Nugent,writer,female
Franco Sacchi,filmmaker,female
Margaret Wertheim,writer,female
Pilobolus,writer,female
Jay Silver,inventor,male
Helder Guimarães,writer,male
Diébédo Francis Kéré,architect,male
Hans Rosling,expert,male
Fred Krupp,advocate,male
Boaz Almog,researcher,male
Shameem Akhtar,social,female
Justin Davidson,social,male
Dan Phillips,author,male
Dayo Ogunyemi,historian,male
Chris Sheldrick,entrepreneur,male
Scott Dinsmore,writer,male
Bernie Krause,expert,male
Martina Flor,designer,female
Alessandro Acquisti,economist,male
Jill Bolte Taylor,writer,female
Billie Jean King,activist,female
Shree Bose,historian,female
Cynthia Erivo,poet,female
Kelli Anderson,designer,female
Benedetta Berti,researcher,female
Jody Williams,activist,female
McKenna Pope,activist,male
Chris Domas,researcher,male
Kevin Stone,inventor,male
Hendrik Poinar,biologist,male
Cat Laine,social,female
Sasha Dichter,author,male
William Ury,writer,male
Dixon Chibanda,neuroscientist,male
Brian Little,researcher,male
Aditi Shankardass,neuroscientist,female
Bruno Torturra,activist,female
Lucy McRae,architect,female
Niki Okuk,entrepreneur,female
Fiorenzo Omenetto,engineer,male
Drew Dudley,educator,male
Angela Patton,activist,female
Billy Graham,writer,male
Steve Keil,entrepreneur,male
Caroline Phillips,musician,female
Greg Asner,biologist,male
Chris Anderson,photographer,male
Boniface Mwangi,advocate,male
Mary Roach,writer,female
Sharmeen Obaid-Chinoy,filmmaker,female
Dan Gilbert,expert,male
Stephen Hawking,physicist,male
Jennifer Wilcox,engineer,female
Thomas Hellum,advocate,male
Patsy Rodenburg,expert,female
Grégoire Courtine,researcher,male
Giorgia Lupi,designer,female
Bryn Freedman,photographer,female
Michael Metcalfe,expert,male
Leslie Morgan Steiner,writer,male
Suzana Herculano-Houzel,neuroscientist,female
Mark Tyndall,expert,male
Devdutt Pattanaik,writer,male
James Beacham,physicist,male
Kavita Ramdas,poet,female
Stephen Lawler,author,female
Juno Mac,activist,female
Yasheng Huang,economist,male
Christopher McDougall,journalist,male
Jeff Bezos,biologist,male
Camille Seaman,photographer,female
Mei Lin Neo,biologist,female
Jill Shargaa,designer,female
Lisa Dyson,expert,female
Fields Wicker-Miurin,social,female
Lemon Andersen,poet,male
Michael Specter,writer,male
Michael Nielsen,physicist,male
Suheir Hammad,poet,female
Sylvia Earle,author,female
Shlomo Benartzi,economist,female
Tony Porter,author,male
Daniel Susskind,economist,male
Ronny Edry,designer,male
Poppy Crum,technologist,female
Sara Seager,expert,female
Evelyn Glennie,musician,female
DK Osseo-Asare,designer,male
Canku One Star,inventor,male
Mary Bassett,advocate,female
Scilla Elworthy,activist,female
Mark Bittman,writer,male
Gerard Ryle,journalist,male
Rebecca Saxe,neuroscientist,female
Sajay Samuel,educator,male
Joe Madiath,social,male
Alwar Balasubramaniam,artist,male
Nagin Cox,engineer,female
Aala El-Khani,psychologist,female
Ian Dunbar,scientist,male
Scott Williams,advocate,male
Erin Marie Saltman,researcher,female
David Griffin,designer,male
Naoko Ishii,expert,female
Gwynne Shotwell,physicist,female
Frances Frei,historian,female
Monica Araya,advocate,female
Barat Ali Batoor,filmmaker,male
Joshua Silver,social,male
Mallika Sarabhai,activist,female
Thomas Goetz,historian,male
Adam Sadowsky,entrepreneur,male
Bob Inglis,social,male
Roy Gould,educator,male
Dylan Marron,writer,male
Natalie MacMaster,writer,female
Annette Heuser,expert,female
Martin Reeves,advocate,male
Rodrigo Canales,researcher,male
Steven Wise,advocate,female
Alastair Parvin,designer,male
Colin Robertson,social,male
Dan Barasch,advocate,male
Ben Goldacre,writer,male
George Papandreou,expert,male
Jeff Hawkins,researcher,male
Naná Vasconcelos,technologist,male
Liu Bolin,artist,male
Euvin Naidoo,expert,male
Charles Fleischer,artist,male
Shaka Senghor,author,male
Katie Bouman,scientist,female
Jeff Hancock,psychologist,male
Dan Bricklin,engineer,male
Raspyni Brothers,writer,female
Dan Meyer,educator,male
Blaise Agüera y Arcas,architect,male
Ken Kamler,poet,male
Kate Marvel,scientist,female
Dan Bell,filmmaker,male
Roman Mars,advocate,male
Aparna Rao,artist,female
Paul Moller,inventor,male
Rebeca Hwang,scientist,female
Ryan Holladay,musician,female
Robin Steinberg,activist,female
Armando Azua-Bustos,writer,male
Sam Harris,philosopher,male
Joe Sabia,advocate,male
Tito Deler,musician,male
David Gallo,author,male
Jor-El,scientist,male
Steven Pinker,psychologist,male
Mark Shaw,writer,male
Pattie Maes,researcher,female
David Anderson,biologist,male
Alan Eustace,photographer,male
Black Label Movement,writer,male
Romulus Whitaker,writer,male
Nate Silver,scientist,male
Auke Ijspeert,roboticist,male
Fei-Fei Li,scientist,female
Marcel Dicke,writer,male
Paul Lewis,journalist,male
Anushka Naiknaware,scientist,female
Sharon Brous,writer,female
Kevin Breel,activist,male
Yann Dall'Aglio,philosopher,male
Bahia Shehab,historian,female
Oskar Eustis,designer,male
Andrew Youn,social,male
Michael Botticelli,expert,male
Marcus Byrne,writer,male
Michele L. Sullivan,social,female
Britta Riley,artist,female
Jon Mooallem,writer,female
Colin Grant,historian,male
Jenna McCarthy,writer,female
Lauran Arledge,economist,female
Simon Lewis,author,male
Michael Moschen,writer,male
Jamila Raqib,writer,female
Jim Simons,poet,male
Freeman Dyson,physicist,male
Olúfẹ́mi Táíwò,historian,male
Rory Bremner,activist,male
Erik Johansson,photographer,male
Ivan Krastev,expert,male
Frans de Waal,neuroscientist,male
Riccardo Sabatini,entrepreneur,male
Derek Paravicini,musician,male
David Damberger,engineer,male
Penelope Jagessar Chaffer,filmmaker,female
Kevin Njabo,biologist,male
Ola Rosling,designer,female
Sebastian Deterding,designer,male
Richard Branson,entrepreneur,male
Isaac Lidsky,author,male
Inés Hercovich,social,female
Miriam Zoila Pérez,activist,female
Maurizio Seracini,historian,male
Max Tegmark,author,male
Sandrine Thuret,researcher,female
Soyapi Mumba,social,male
Robin Ince,activist,male
Boyd Varty,activist,female
Ben Ambridge,psychologist,male
Sheryl WuDunn,author,female
Katherine Kuchenbecker ,engineer,female
Michael Pemberton,singer,male
Sarah Murray,technologist,female
Bel Pesce,entrepreneur,female
Chris Hadfield,engineer,male
Andrew Mwenda,journalist,male
Amy Webb,social,female
David Kelley,educator,male
David Keith,scientist,male
Marina Abramović,artist,female
Anant Agarwal,social,male
Emily Oster,economist,male
Bhu Srinivasan,writer,male
Paul Knoepfler,biologist,male
Robert Ballard,author,male
Sophie Andrews,advocate,female
Bruce Feiler,writer,male
Angelo Vermeulen,researcher,male
Elise LeGrow,singer,female
Daniel Goldstein,economist,male
Vilayanur Ramachandran,expert,male
Nick Bostrom,philosopher,male
Ilona Stengel,researcher,female
Mary Maker,advocate,female
Ibeyi,designer,female
Alyssa Monks,writer,female
Ajit Narayanan,inventor,male
Alexis Charpentier,entrepreneur,male
James Patten,designer,male
Hugh Herr,designer,male
Paul Debevec,scientist,male
Sanford Biggers,artist,male
Justin Hall-Tipping,entrepreneur,male
Daan Roosegaarde,artist,male
Iain McGilchrist,writer,male
Olafur Eliasson,physicist,male
Vincent Moon,filmmaker,male
Garry Kasparov,social,male
Kiran Sethi,educator,female
Sheila Nirenberg,neuroscientist,female
Rachel Botsman,researcher,female
José Antonio Abreu,writer,female
Jim Yong Kim,economist,male
Philip Evans,historian,female
Ismael Nazario,advocate,male
Chris Burkard,photographer,male
LaToya Ruby Frazier,photographer,female
Alex Steffen,scientist,male
Shimon Schocken,scientist,male
Amanda Palmer,musician,female
Peter Haas,activist,male
Soka Moses,author,male
Janine Shepherd,writer,female
Matthieu Ricard,photographer,male
Per Espen Stoknes,economist,male
Didier Sornette,economist,male
Angel Hsu,scientist,female
Alaa Murabit,expert,female
Kate Orff,architect,female
Taiye Selasi,author,female
Seema Bansal,social,female
Ji-Hae Park,historian,female
Cosmin Mihaiu,entrepreneur,male
Suki Kim,writer,male
Eames Demetrios,artist,female
Megan Kamerick,historian,female
Noy Thrupkaew,journalist,female
Michael Murphy,designer,male
Jorge Ramos,journalist,male
Jean-Paul Mari,psychologist,male
Greg Stone,author,male
John Hodgman,expert,male
Paul Kemp-Robertson,expert,male
Jenni Chang and Lisa Dazols,photographer,female
Vincent Cochetel,psychologist,male
Carol Cohen,social,female
Luma Mufleh,activist,female
Uri Alon,biologist,male
Hector Garcia,psychologist,male
Tanya Menon,psychologist,female
Jonathan Tepperman,expert,male
Jason B. Rosenthal,advocate,female
Bonnie Bassler,biologist,female
Dina Katabi,technologist,female
Pierre Thiam,activist,male
Al Gore,advocate,male
Rebecca MacKinnon,activist,female
Stefan Sagmeister,designer,male
Robin Hanson,social,male
"Mwende ""FreeQuency"" Katwiwa",writer,female
Johnny Lee,researcher,male
Jennifer 8. Lee,historian,male
Deborah Willis,photographer,female
Ben Cort,author,male
Rodrigo Bijou,researcher,male
Bertrand Piccard,writer,male
Adam de la Zerda,engineer,male
Robert Palmer,expert,male
Zak Ebrahim,activist,male
Theo Jansen,artist,male
Angela Belcher,engineer,female
Tammy Lally,expert,female
Steve Truglia,writer,male
Michelle Obama,author,female
Conrad Wolfram,scientist,male
Torsten Reil,biologist,male
John Underkoffler,designer,male
Emily Pilloton,activist,female
Sunni Patterson,poet,male
David Casarett,poet,male
Reed Kroloff,social,male
Augie Picado,advocate,male
Johanna Blakley,expert,female
Bandi Mbubi,social,male
Matthew Brookshire,singer,male
Paul Greenberg,author,male
Tara Winkler,author,female
Nnedi Okorafor,historian,female
Carl Schoonover,writer,male
Patrick Chappatte,educator,male
Homaro Cantu,activist,male
Rainn Wilson,writer,male
Ian Firth,engineer,female
Antonio Damasio,neuroscientist,male
Caleb Chung,designer,male
Astro Teller,inventor,male
Jocelyne Bloch,writer,female
Monika Bulaj,photographer,female
Russ Altman,scientist,male
Cynthia Breazeal,roboticist,female
Claron McFadden,historian,female
Victor Rios,author,male
Liza Donnelly,educator,female
Denise Herzing,researcher,female
Olivier Scalabre,expert,male
Nighat Dad,activist,female
Abby Dobson,artist,female
Michael Bodekaer,entrepreneur,male
Mark Applebaum,musician,male
Danielle de Niese,historian,female
Anthony Goldbloom,expert,male
Catherine Mohr,roboticist,female
David Bolinsky,technologist,male
David Deutsch,physicist,male
R.A. Mashelkar,scientist,male
Drew Berry,engineer,male
Michael Green,architect,male
Jim Hemerling,expert,male
Stacey Baker,economist,female
Charles Elachi,scientist,male
Curtis Wong,researcher,male
Thandiswa Mazwai,singer,female
Marlon Peterson,advocate,male
Nonny de la Peña,biologist,female
G.T. Bynum,writer,male
Raghava KK,artist,male
Touria El Glaoui,historian,female
Kyra Gaunt,writer,female
Keith Chen,economist,male
Betta Lemme,singer,female
Chieko Asakawa,inventor,female
Harry Baker,poet,male
Adam Ockelford,technologist,male
Christopher Emdin,activist,male
Jakob Trollback,designer,male
Mohamed Hijri,biologist,male
Alison Gopnik,psychologist,female
Frederick Balagadde,inventor,female
Devita Davison,activist,female
Tim Harford,economist,male
Vik Muniz,artist,male
Bill Clinton,activist,male
Alan Siegel,engineer,male
tobacco brown,social,female
Allison Hunt,expert,female
Robert Wright,philosopher,male
Henry Markram,neuroscientist,male
Adam Davidson,journalist,male
Carmen Agra Deedy,advocate,female
Michael Rubinstein,scientist,male
Stephen Coleman,philosopher,male
Danielle Wood,engineer,female
Roger Ebert,social,male
Sharon Terry,researcher,female
Sunitha Krishnan,activist,female
Tim Ferriss,author,male
Kelli Jean Drinkwater,activist,female
Quixotic Fusion,artist,female
Mehdi Ordikhani-Seyedlar,neuroscientist,male
Gavin Pretor-Pinney,writer,male
Matt Goldman,entrepreneur,male
Melinda Gates,poet,female
Michael Pollan,writer,male
Mariano Sigman,neuroscientist,male
Yasmin Green,technologist,female
Vy Higginsen's Gospel Choir,singer,female
Jonathan Harris,artist,male
Jake Wood,designer,male
Lee Mokobe,poet,male
Rishi Manchanda,poet,male
Suzie Sheehy,physicist,female
Jean-Baptiste Michel,researcher,male
Eduardo Sáenz de Cabezón,educator,male
C.K. Williams,poet,male
Michael Shermer,educator,male
Rufus Griscom + Alisa Volkman,writer,male
Bruce Bueno de Mesquita,scientist,male
Eleanor Longden,psychologist,female
Dyan deNapoli,expert,female
Jennifer Kahn,journalist,female
Theaster Gates,artist,male
Tania Douglas,engineer,female
Tracie Keesee,expert,female
Ravin Agrawal,scientist,male
Nina Jablonski,expert,female
Kirk Citron,expert,male
John Searle,philosopher,male
Paul MacCready,engineer,male
Paula Johnson,expert,female
Tim Birkhead,writer,male
Javed Akhtar,poet,male
Rana el Kaliouby,scientist,female
Caleb Barlow,researcher,male
JP Rangaswami,technologist,male
Sonaar Luthra,advocate,male
Eric Sanderson,biologist,female
Michael Hendryx,scientist,male
Robin Murphy,roboticist,female
Susan Etlinger,scientist,female
Billy Collins,poet,male
Robert J. Gordon,economist,male
Elizabeth Gilbert,writer,female
Brewster Kahle,technologist,male
Peggy Orenstein,author,female
Jedidah Isler,musician,female
Maurice Conti,designer,male
Arthur Ganson,physicist,male
Karima Bennoune,advocate,female
JR,artist,male
Marc Koska,inventor,male
Lloyd Pendleton,advocate,male
Hannah Fry,social,female
Liv Boeree,historian,female
Sebastian Seung,neuroscientist,male
Carne Ross,historian,male
Janet Stovall,advocate,female
Read Montague,neuroscientist,male
Dan Pacholke,advocate,male
Paul Bloom,psychologist,male
Ricardo Semler,psychologist,male
Maysoon Zayid,writer,female
Rebecca Brachman,neuroscientist,female
Robin Nagle,expert,female
Rob Dunbar,author,male
David Katz,writer,male
Alisa Miller,expert,female
Alix Generous,advocate,female
Niels van Namen,advocate,male
Tristram Wyatt,researcher,male
Simone George,activist,male
Boghuma Kabisen Titanji,researcher,female
Don Tapscott,advocate,male
Neil Gershenfeld,physicist,male
Trevor Aaronson,journalist,male
Daniel Tammet,educator,male
Noah Feldman,expert,male
Charles Moore,author,male
Qi Zhang,writer,female
Sergei Lupashin,researcher,male
Jill Farrant,biologist,female
Yoav Medan,inventor,male
Nancy Duarte,designer,female
Edi Rama,scientist,male
Salil Dudani,activist,male
Naomi Oreskes,historian,male
Neil Harbisson,artist,male
Susan Colantuono,expert,female
Chip Conley,author,male
Randall Munroe,educator,male
Malcolm London,poet,male
Peter Attia,technologist,male
Neha Narula,technologist,female
Ed Ulbrich,advocate,male
Matthias Müllenbeck,educator,male
Eduardo Paes,writer,male
Emily Esfahani Smith,author,female
Christian Rodríguez,photographer,male
Caroline Harper,advocate,female
Karoliina Korppoo,designer,female
Amy Edmondson,expert,male
Misha Glenny,writer,male
Jeff Smith,scientist,male
Martin Ford,technologist,male
Moshe Safdie,architect,male
Elizabeth Murchison,researcher,female
Matt Johnson,writer,female
Lawrence Lessig,activist,male
Don Levy,engineer,male
Margaret Gould Stewart,inventor,female
Rita F. Pierson,educator,female
Regina Hartley,expert,female
Bill Doyle,engineer,female
Chris Gerdes,engineer,male
Suzanne Talhouk,poet,female
Roselinde Torres,expert,female
Melissa Walker,technologist,female
John Hockenberry,journalist,male
Seth Berkley,technologist,male
Dao Nguyen,expert,female
Julia Sweeney,poet,female
Bruno Maisonnier,roboticist,female
Grace Kim,architect,female
Naif Al-Mutawa,technologist,female
Holly Morris,filmmaker,female
Washington Wachira,photographer,male
Jim Toomey,educator,male
Nora Atkinson,photographer,female
Olga Yurkova,journalist,female
Xavier De Kestelier,technologist,male
Stuart Brown,researcher,male
Bruce Schneier,expert,male
AJ Jacobs,author,male
Ken Goldberg,roboticist,male
Robert Waldinger,author,male
Kate Adams,advocate,female
Erik Brynjolfsson,researcher,male
David Pizarro,researcher,male
Marco Annunziata,economist,male
Scott Rickard,scientist,male
Miguel Nicolelis,neuroscientist,male
Caroline Casey,activist,female
eL Seed,artist,male
Pranav Mistry,scientist,male
Marc Goodman,expert,male
Alan Smith,scientist,male
Scott Fraser,expert,male
Shigeru Ban,architect,male
Yoruba Richen,filmmaker,female
Ludwick Marishane,entrepreneur,male
Martin Jacques,writer,male
Manal al-Sharif,activist,female
Josh Luber,expert,female
Valarie Kaur,filmmaker,female
Sue Klebold,activist,female
Clint Smith,poet,male
Eben Bayer,designer,female
Iqbal Quadir,social,male
Paul Hessburg,scientist,male
Donald Sadoway,engineer,male
Gayle King,journalist,female
Abha Dawesar,poet,female
Trevor Copp,designer,male
Anas Aremeyaw Anas,journalist,male
Francis de los Reyes,engineer,male
Jennifer Brea,filmmaker,female
Vikram Patel,advocate,male
Karen Lloyd,biologist,female
Brené Brown,researcher,female
Deborah Lipstadt,historian,female
Zubaida Bai,advocate,female
Mia Birdsong,activist,female
Pratik Shah,technologist,male
Lisa Kristine,photographer,female
Natalie Panek,scientist,female
John Amory,expert,male
Cheryl Hayashi,scientist,female
Sitawa Wafula,advocate,female
Virginia Postrel,journalist,female
Neil Burgess,neuroscientist,male
John Delaney,author,male
Paola Antonelli,photographer,female
Jeff Fox,inventor,male
James A. White Sr.,historian,male
Sally Kohn,scientist,female
Krista Tippett,journalist,female
Mike Kinney,economist,male
Audrey Choi,expert,female
John Francis,writer,male
Larry Burns,researcher,male
Melinda Epler,advocate,female
Luvvie Ajayi,technologist,female
Steve Jobs,technologist,male
Ivan Coyote,writer,female
Fabien Cousteau,inventor,female
Yann Arthus-Bertrand,photographer,male
Janna Levin,physicist,female
Shaffi Mather,social,male
Maz Jobrani,activist,male
Eric X. Li,scientist,male
Bob Mankoff,economist,male
Joe Gebbia,designer,male
Alain de Botton,philosopher,male
Mohamed Ali,advocate,male
Deb Roy,scientist,male
Rhiannon Giddens,musician,male
Dave Meslin,artist,male
Laura Robinson,scientist,female
Vijay Kumar,roboticist,male
Kwabena Boahen,entrepreneur,male
Shilo Shiv Suleman,artist,female
Henry Lin,scientist,male
Patrisse Cullors,artist,female
Steve McCarroll,biologist,male
Jose Miguel Sokoloff,technologist,male
Richard Wilkinson,researcher,male
Avi Reichental,entrepreneur,male
Bill Stone,inventor,male
Helen Gillet,singer,female
Timothy Prestero,designer,male
Sandi Toksvig,author,female
Marisa Fick-Jordan,designer,female
Mechai Viravaidya,expert,male
Eric Lewis,musician,male
Jackie Tabick,expert,female
Lucien Engelen,social,male
Shivani Siroya,entrepreneur,female
Marian Bantjes,designer,female
Morgan Spurlock,filmmaker,male
Julie Taymor,designer,female
Rupal Patel,scientist,female
Michael Merzenich,neuroscientist,male
Anil Ananthaswamy,author,male
Philip K. Howard,activist,male
Frederic Kaplan,researcher,male
Shyam Sankar,scientist,male
Rob Knight,biologist,male
Sophal Ear,economist,male
Jane Goodall,neuroscientist,female
Erin McKean,economist,female
Stew,singer,male
Elise Roy,advocate,female
Howard C. Stevenson,advocate,male
Alison Killing,architect,female
Aubrey de Grey,expert,male
Vivek Maru,advocate,male
Elizabeth Lesser,advocate,female
Willard Wigan,photographer,male
Mark Forsyth,writer,male
Heather Barnett,artist,female
Marvin Minsky,expert,male
Brian Cox,physicist,male
Mark Raymond,architect,male
Benjamin Zander,musician,male
Nabila Alibhai,photographer,female
Dennis vanEngelsdorp,expert,male
Lara Setrakian,journalist,female
Ali Carr-Chellman,designer,female
Frans Lanting,photographer,male
Nick Veasey,technologist,male
Janine di Giovanni,historian,female
Nellie McKay,singer,female
Toni Griffin,photographer,female
Dame Stephanie Shirley,entrepreneur,female
Tim Brown,designer,female
Natalie Jeremijenko,engineer,female
Kevin Slavin,expert,male
Joel Selanikio,activist,male
Chance Coughenour,technologist,male
Kate Hartman,technologist,female
JoAnn Kuchera-Morin,musician,female
Simona Francese,inventor,male
Raul Midon,designer,male
Bernie Dunlap,economist,male
Hank Willis Thomas,artist,male
Garrett Lisi,physicist,male
Joe Lassiter,social,male
Kang Lee,researcher,male
Rick Falkvinge,advocate,male
Elyn Saks,advocate,female
Kaitlyn Sadtler,engineer,female
Mena Trott,musician,female
Siamak Hariri,architect,male
Hod Lipson,roboticist,male
Zachariah Mampilly,scientist,male
Edsel Salvaña,biologist,male
Brett Hennig,author,male
George Smoot,musician,male
Bjarke Ingels,architect,male
Chetna Gala Sinha,social,female
Morgana Bailey,advocate,female
Vint Cerf,scientist,male
Renny Gleeson,writer,male
Jeremy Howard,scientist,male
Joshua Roman,singer,male
John Graham-Cumming,scientist,male
Susan Pinker,psychologist,female
Mihaly Csikszentmihalyi,psychologist,male
Yelle,historian,female
Giada Gerboni,engineer,female
Yanis Varoufakis,economist,male
Tomás Saraceno,artist,male
Karim Abouelnaga,entrepreneur,male
Mathias Jud,artist,female
Richard St. John,author,male
Chee Pearlman,photographer,female
David Burkus,researcher,male
Paula Scher,designer,female
Silk Road Ensemble,designer,female
Shane Koyczan,poet,male
Julie Lythcott-Haims,author,female
Yasin Kakande,author,male
Yves Rossy,writer,male
Dan Knights,neuroscientist,male
Rebecca Newberger Goldstein,philosopher,female
Eve Ensler,activist,female
Tim Berners-Lee,inventor,male
Emily Levine,philosopher,female
Joshua Prince-Ramus,architect,male
Bob Woodward,author,male
Dan Barber,activist,male
Tom Chatfield,social,male
Carl Safina,writer,male
Sasa Vucinic,author,male
Francesco Sauro,writer,male
Ed Gavagan,designer,male
David Lang,photographer,male
Abe Davis,scientist,male
Jinsop Lee,designer,female
Johann Hari,journalist,male
James Howard Kunstler,social,male
Raymond Tang,researcher,male
Jim Fallon,biologist,male
Laolu Senbanjo,musician,male
Tea Uglow,designer,female
Alexa Meade,artist,female
James Bridle,artist,male
Pico Iyer,author,male
Erica Frenkel,technologist,female
Topher White,technologist,female
Jun Wang,researcher,male
Meaghan Ramsey,advocate,female
Phil Hansen,artist,male
Arthur Benjamin,writer,male
Ghada Wali,designer,female
Elliot Krane,psychologist,female
Joshua Walters,activist,male
Tom Zimmerman,inventor,male
Clemantine Wamariya,advocate,female
Rachelle Garniez,musician,female
Jane Fonda,activist,female
Adong Judith,filmmaker,female
Siyanda Mohutsiwa,writer,female
Margrethe Vestager,advocate,female
Daniel Wolpert,expert,male
Niall Ferguson,historian,male
Xavier Vilalta,architect,male
Rich Benjamin,social,male
Thordis Elva,writer,female
Gabriel Barcia-Colombo,designer,male
Vittorio Loreto,physicist,male
Ryan Merkley,designer,male
Yassmin Abdel-Magied,engineer,female
Joe Landolina,inventor,male
Elizabeth White,advocate,female
Scott Galloway,researcher,male
Maya Penn,entrepreneur,female
Sisonke Msimang,activist,female
Barbara Block,biologist,female
Mohamad Jebara,entrepreneur,male
Tiffany Watt Smith,historian,female
Glen Henry,advocate,male
David Eagleman,neuroscientist,male
John Lloyd,activist,male
Helen Czerski,physicist,female
Jason Shen,expert,male
Dawn Wacek,technologist,female
Wendy Woods,social,female
Ilona Szabó de Carvalho,expert,female
Gustavo Dudamel and the Teresa Carreño Youth Orchestra,singer,male
Stella Young,activist,female
Catherine Bracy,advocate,female
Danielle Feinberg,designer,female
Zachary R. Wood,expert,male
Peter Ouko,advocate,male
Paul Tudor Jones II,scientist,male
Janine Benyus,historian,female
Emilie Wapnick,artist,female
David Agus,researcher,male
Chris Milk,advocate,male
Dianna Cohen,activist,female
Samantha Nutt,writer,female
Steve Silberman,writer,male
Eddi Reader,singer,male
Harry Cliff,physicist,male
Jane McGonigal,designer,female
Sirena Huang,historian,female
Thomas Insel,neuroscientist,male
Tshering Tobgay,expert,male
Oren Yakobovich,activist,female
Clifford Stoll,educator,male
Dimitar Sasselov,educator,male
Mark Ronson,technologist,male
Ari Wallach,technologist,male
Kristen Marhaver,biologist,female
Maryn McKenna,journalist,female
Aaron Huey,photographer,male
Ramanan Laxminarayan,economist,male
Sue Austin,artist,female
Ramona Pierson,social,female
Leah Chase,writer,female
Mac Barnett,author,male
Sheena Iyengar,economist,female
Tony Wyss-Coray,scientist,male
Dave deBronkart,advocate,male
The Soul Rebels,singer,female
Natalie Merchant,singer,female
Markus Fischer,designer,male
Bunker Roy,educator,male
John Cary,scientist,male
Suzanne Simard,biologist,female
Sean Carroll,physicist,male
Nilay Kulkarni,engineer,male
David Grady,researcher,male
Sandra Fisher-Martins,activist,female
Joseph Redmon,scientist,male
Antony Gormley,physicist,male
Mick Mountz,biologist,male
Will MacAskill,philosopher,male
Mitch Resnick,scientist,male
Phil Borges,photographer,male
Fredy Peccerelli,expert,male
Alex Honnold,researcher,male
Michael Pawlyn,architect,male
George Tulevski,scientist,male
Evan Williams,social,male
Gregory Petsko,entrepreneur,male
Colin Camerer,economist,male
Dayananda Saraswati,advocate,male
Lana Mazahreh,activist,female
John McWhorter,educator,male
Nicholas Negroponte,technologist,male
David S. Rose,scientist,male
Matt Weinstein,author,male
Malcolm Gladwell,writer,male
ShaoLan Hsueh,technologist,female
Rick Smolan,photographer,male
Amel Karboul,activist,female
Dan Pallotta,author,male
Caitria O'Neill,expert,female
Dave Isay,writer,male
Ngozi Okonjo-Iweala,economist,female
Siphumeze Khundayi,photographer,female
David Whyte,poet,male
Gary Vaynerchuk,entrepreneur,male
Beverly + Dereck Joubert,photographer,female
Laura Galante,social,female
David Camarillo,entrepreneur,male
Shonda Rhimes,writer,female
Charles Limb,researcher,male
Jamila Lyiscott,poet,female
Thomas Heatherwick,designer,male
Lil Buck,artist,male
Jamais Cascio,author,male
Nicholas Christakis,social,male
Susan Lim,technologist,female
Nadine Hachach-Haram,entrepreneur,female
Chip Colwell,photographer,male
Radhika Nagpal,engineer,female
Thom Mayne,architect,male
Sebastian Wernicke,scientist,male
Steven Schwaitzberg,technologist,male
Leonard Susskind,physicist,male
Tim Urban,musician,female
Lux Narayan,entrepreneur,male
Michelle Borkin,physicist,female
Kakenya Ntaiya,educator,female
Anjan Sundaram,author,male
Tapiwa Chiwewe,researcher,male
Thandie Newton,singer,female
Dan Dennett,philosopher,male
Christoph Adami,researcher,male
Neil Pasricha,researcher,male
Amy O'Toole,social,female
Wanuri Kahiu,filmmaker,female
Kirby Ferguson,filmmaker,male
Alex Tabarrok,economist,female
Daniel Kish,advocate,male
Viktor Frankl,author,male
Danit Peleg,designer,female
Tiffany Kagure Mugo,expert,female
Jay Bradner,scientist,male
Eduardo Briceño,expert,male
Sofia Jawed-Wessel,researcher,female
Susan David,researcher,female
Sam Richards,social,male
Amit Kalra,designer,male
Annie Lennox,singer,female
Ken Robinson,author,male
George Whitesides,inventor,male
Kate Stone,writer,female
Tamas Kocsis,entrepreneur,male
Anjali Tripathi,musician,female
Liz Ogbu,social,female
Mark Pagel,biologist,male
Jane Chen,social,female
Sophie Hunger,singer,female
Tasos Frantzolas,entrepreneur,male
Derek Sivers,entrepreneur,male
Jay Walker,entrepreneur,male
Hadi Eldebek,musician,male
Martin Villeneuve,artist,male
Elaine Morgan,social,female
Yvette Alberdingk Thijm,activist,female
Paul Stamets,writer,male
Katlego Kolanyane-Kesupile,activist,female
Eric Topol,biologist,male
Amishi Jha,neuroscientist,female
Adam Savage,author,male
Pawan Sinha,neuroscientist,male
Xu Liu,neuroscientist,male
Sangeeta Bhatia,entrepreneur,female
Leo Igwe,activist,male
Anne Curzan,historian,female
David Steindl-Rast,photographer,male
Kevin Bales,activist,male
Ray Anderson,expert,male
Jason Yang,historian,male
Jared Diamond,engineer,male
Romina Libster,researcher,female
Emily Parsons-Lord,artist,female
Jonathan Rossiter,roboticist,male
Dambisa Moyo,economist,female
Nathalie Cabrol,scientist,female
Myriam Sidibe,expert,female
Gabe Zichermann,author,male
Roger Antonsen,scientist,male
Robert Hammond,artist,male
Triona McGrath,engineer,female
Paul Zak,writer,male
Hyeonseo Lee,activist,female
Michael Stevens,educator,male
Paul Nicklen,photographer,male
Simon Sinek,expert,male
Dee Boersma,biologist,female
Esther Perel,technologist,female
Hillel Cooperman,entrepreneur,male
Talithia Williams,scientist,female
Sanjay Dastoor,roboticist,male
Teresa Njoroge,advocate,female
Fredros Okumu,scientist,male
Kimberley Motley,expert,female
Murray Gell-Mann,physicist,male
AnnMarie Thomas,educator,female
Seth Godin,author,male
Carrie Poppy,writer,female
Mellody Hobson,expert,female
Bill Gross,author,male
Garth Lenz,photographer,male
Matthew O'Reilly,technologist,female
Laura Snyder,historian,female
Ben Katchor,educator,male
Paul Pholeros,architect,male
A.R. Rahman,musician,male
James Lyne,expert,male
Nilofer Merchant,author,female
Alejandro Sánchez Alvarado,biologist,male
James Cameron,designer,male
Lisa Bu,writer,female
Karen Bass,filmmaker,female
Ory Okolloh,activist,female
Willie Smits,historian,male
Improv Everywhere,writer,female
Janette Sadik-Khan,expert,female
Aspen Baker,writer,female
Evan Grant,technologist,female
Markham Nolan,journalist,male
Anielle Reid,singer,female
Elizabeth Lev,historian,female
Nicolas Perony,scientist,male
Andy Puddicombe,expert,female
Eva Vertes,researcher,female
Nick Hanauer,author,male
Wolfgang Kessling,physicist,male
Nate Garvis,expert,male
Joseph Ravenell,advocate,female
Julia Bacha,filmmaker,male
William Kamkwamba,inventor,male
Lucy Kalanithi,writer,male
Richard Pyle,writer,male
Dave Brain,scientist,male
Adam Grant,psychologist,male
Karen Tse,activist,female
Penny Chisholm,author,female
Sxip Shirey,musician,male
Pearl Arredondo,advocate,female
LZ Granderson,journalist,male
Nancy Frates,advocate,male
Cary Fowler,engineer,male
Lemn Sissay,poet,male
Wes Moore,advocate,male
C. Noel Bairey Merz,poet,female
David Titley,writer,male
Barry Schwartz,psychologist,male
Liz Coleman,economist,female
Bart Weetjens,designer,female
The LXD,writer,female
Mariana Mazzucato,economist,female
Carter Emmart,scientist,male
Becky Blanton,writer,male
David Cage,advocate,male
Petter Johansson,psychologist,male
Ge Wang,technologist,male
Meera Vijayann,journalist,female
Amy Adele Hasinoff,researcher,female
Tony Fadell,designer,male
Christina Wallace,entrepreneur,female
Brian Greene,physicist,male
Floyd E. Romesberg,biologist,male
Jon Nguyen,engineer,male
Gautam Bhan,architect,male
Natsai Audrey Chieza,designer,female
Jarreth Merz,filmmaker,male
Haley Van Dyck,writer,female
Bassam Tariq,technologist,male
Henrietta Fore,advocate,female
Julian Assange,writer,male
David Korins,designer,male
Gregory Heyworth,scientist,male
Martin Rees,musician,male
Peter Norvig,scientist,male
Jonathan Zittrain,writer,male
Sauti Sol,poet,female
Prumsodun Ok,artist,male
David Sengeh,engineer,male
Geena Rocero,activist,female
Surya Mattu,engineer,male
Jennifer Granick,expert,female
Katherine Fulton,poet,female
Mark Roth,biologist,male
Rob Hopkins,expert,male
Patrícia Medici,photographer,female
Anders Fjellberg,journalist,female
Raymond Wang,inventor,male
Erez Lieberman Aiden,researcher,male
Jonas Eliasson,expert,female
Monica Byrne,author,female
Anil Seth,neuroscientist,male
Guy-Philippe Goldstein,author,male
Jackson Bird,activist,male
Linda Liukas,advocate,female
Isabel Wilkerson,author,female
Tony Robbins,expert,male
Jonathan Drori,educator,male
Iain Hutchison,technologist,male
Richard Weller,writer,male
Teddy Cruz,architect,male
Jamie Heywood,social,male
Bill T. Jones,inventor,male
Jaap de Roode,biologist,male
Mark Plotkin,expert,male
Uldus Bakhtiozina,artist,female
Jennifer Pluznick,writer,female
Charles Anderson,biologist,male
Paul Root Wolpe,philosopher,male
Scott Kim,writer,male
Sara DeWitt,expert,male
Andrea Ghez,educator,female
Gus Casely-Hayford,historian,male
Peter Reinhart,expert,male
Timothy Ihrig,advocate,male
Faith Jegede Cole,writer,female
Lucy Marcil,social,female
Barbara Natterson-Horowitz,biologist,female
Sam Rodriques,writer,male
Robert Lang,engineer,male
Tania Luna,writer,female
Susan Robinson,entrepreneur,female
Kevin B. Jones,researcher,male
Simon Berrow,biologist,male
Anna Heringer,architect,female
Matt Ridley,scientist,male
Sleepy Man Banjo Boys,writer,male
Liz Hajek,writer,female
Ruby Wax,activist,female
Su Kahumbu,social,female
Mick Ebeling,entrepreneur,male
Sebastião Salgado,filmmaker,male
Ziyah Gafić,photographer,male
Onyx Ashanti,inventor,male
John Gerzema,expert,male
Kamal Meattle,activist,male
Jeremy Jackson,biologist,male
David R. Williams,advocate,male
Travis Kalanick,entrepreneur,male
Patricia Kuhl,historian,female
Tyler Cowen,economist,male
Hilary Cottam,social,female
David Gruber,biologist,male
Josette Sheeran,activist,female
Woody Norris,inventor,male
Elizabeth Loftus,engineer,female
Erika Gregory,technologist,female
Meg Jay,psychologist,female
Leslie T. Chang,journalist,female
Kevin Surace,engineer,female
Luhan Yang,biologist,female
Duarte Geraldino,journalist,male
Anupam Mishra,activist,male
Andy Hobsbawm,entrepreneur,male
Alicia Garza,activist,female
Jacob Collier,musician,male
Aakash Odedra,inventor,male
James Hansen,writer,male
Alan Kay,educator,male
Mennat El Ghalid,writer,female
Guillaume Néry,economist,male
Rory Sutherland,expert,male
Keith Barry,writer,male
Kola Masha,expert,male
Cleo Wade,poet,female
Rébecca Kleinberger,expert,female
Thomas Suarez,technologist,male
Susan Blackmore,writer,female
Guy Winch,psychologist,male
David Merrill,social,male
Graham Allison,scientist,male
Rogier van der Heide,designer,male
Gian Giudice,physicist,male
Louise Fresco,expert,female
Theo E.J. Wilson,expert,male
Ellen  Gustafson,social,female
Eve Abrams,journalist,female
Damian Palin,engineer,male
Siddharthan Chandran,engineer,male
Iké Udé,artist,male
Miranda Wang and Jeanny Yao,historian,female
Jim Al-Khalili,physicist,female
Timothy Bartik,economist,male
Russell Foster,neuroscientist,male
Brittney Cooper,historian,female
Frank Warren,writer,female
Allan Jones,scientist,male
Simone Bianco,engineer,male
Ples Felix,activist,male
John Koenig,writer,male
Tavi Gevinson,designer,female
Ashwini Anburajan,entrepreneur,female
Ian Goldin,economist,male
Renzo Piano,architect,male
Nikolai Begg,engineer,male
Darieth Chisolm,journalist,female
Tom Thum,inventor,male
Rose George,journalist,female
Raffaello D'Andrea,biologist,male
Christopher Bell,expert,male
Angélica Dass,photographer,female
Béatrice Coron,artist,female
Kelly McGonigal,psychologist,female
Deepika Kurup,inventor,female
Stuart Russell,expert,male
Handspring Puppet Company,writer,female
Peter Ward,historian,male
Nathalie Miebach,artist,female
Essam Daod,advocate,male
Kathy Hull,psychologist,female
Paul Rothemund,engineer,female
Kaki King,designer,female
Jeanne Gang,architect,female
Dame Ellen MacArthur,advocate,female
Aditi Gupta,social,female
Keren Elazari,expert,female
Jon Gosier,scientist,male
Alexander Wagner,economist,male
Rick Guidotti,photographer,male
Douglas Adams,author,male
Tommy McCall,designer,male
David Holt,musician,male
Kary Mullis,biologist,male
Geert Chatrou,writer,male
Anote Tong,economist,male
Paul Ewald,biologist,male
Christina Warinner,biologist,female
Giulia Enders,author,female
Samuel Cohen,scientist,male
Glenn Greenwald,journalist,male
Max Little,scientist,male
Maria Bezaitis,engineer,female
Paul Romer,economist,male
Carl Honoré,journalist,male
Herbie Hancock,activist,male
Marc Pachter,historian,male
Dan Ariely,economist,male
Jorge Drexler,poet,male
Michel Laberge,physicist,female
Vishaan Chakrabarti,architect,male
James Burchfield,advocate,male
Shirin Neshat,artist,female
Susan Emmett,technologist,female
Susan Savage-Rumbaugh,writer,male
Stephen Wilkes,photographer,male
Negin Farsad,filmmaker,female
Beardyman,inventor,male
Stephen Webb,scientist,male
Ueli Gegenschatz,writer,male
Bob Stein,poet,male
Wadah Khanfar,journalist,male
Freeman Hrabowski,educator,male
Nandan Nilekani,technologist,male
Jonathan Klein,engineer,male
Colin Powell,author,male
Dustin Schroeder,researcher,male
Feisal Abdul Rauf,expert,male
Enrique Peñalosa,activist,male
Milton Glaser,designer,male
Andrew Bird,musician,male
Robyn Stein DeLuca,psychologist,female
Asher Hasan,social,male
Hector Ruiz,designer,male
Jamil Abu-Wardeh,activist,male
Mike Velings,entrepreneur,male
Andras Forgacs,entrepreneur,female
Wendy Freedman,educator,female
Mikko Hypponen,expert,male
Lalitesh Katragadda,engineer,male
Miwa Matreyek,artist,female
Luca Turin,writer,male
Michael Kimmel,social,male
Shimon Steinberg,writer,female
Faith Osier,author,female
Eva Zeisel,designer,male
Ed Boyden,writer,male
Matthew White,poet,male
Deanna Van Buren,architect,female
Matthew Williams,expert,male
Michael Patrick Lynch,philosopher,male
Jeremy Rifkin,writer,male
Leah Buechley,designer,female
Michel Dugon,researcher,male
Al Vernacchio,educator,male
Chris McKnett,expert,male
Pankaj Ghemawat,researcher,male
Adora Svitak,advocate,female
Ami Klin,researcher,male
David Carson,designer,male
Anna Rosling Rönnlund,writer,female
Margaret Heffernan,researcher,female
Carolyn Bertozzi,biologist,female
Pamelia Kurstin,writer,female
Achenyo Idachaba,entrepreneur,female
Vanessa Ruiz,artist,female
Molly Winter,designer,female
Andres Lozano,writer,male
Hubertus Knabe,historian,male
Taylor Mali,poet,male
James Green,physicist,male
Aaron Koblin,artist,male
Jessica Ladd,social,female
John Hardy,educator,male
Daphne Koller,educator,female
Sarah Kay,poet,female
Steve Boyes,biologist,male
Eddy Cartaya,photographer,male
David Birch,researcher,male
Mitchell Joachim,architect,male
Mileha Soneji,designer,female
Steve Jurvetson,author,male
Michael Hansmeyer,architect,male
Kevin Briggs,writer,male
Norman Spack,writer,female
Elizabeth Wayne,engineer,female
Marla Spivak,engineer,female
Stephen Cave,philosopher,male
Adam Garone,activist,male
Jennifer Lin,musician,female
Ellen Dunham-Jones,architect,female
Jennifer Pahlka,activist,female
Rodin Lyasoff,writer,male
Amit Sood,technologist,male
Ashley Judd,activist,female
Daniel Pauly,biologist,male
Gene Luen Yang,educator,male
Steve Ramirez,neuroscientist,male
Vicki Arroyo,expert,female
Aaron O'Connell,physicist,female
Emily Nagoski,educator,female
Michael Norton,social,male
David Cameron,scientist,male
Julian Baggini,philosopher,male
Dan Cobley,expert,male
Ramesh Raskar,photographer,male
Dean Ornish,author,male
Malika Whitley,activist,female
Dan Gartenberg,scientist,male
Suzanne Barakat,poet,male
Michael Anti,musician,male
Kashmir Hill,journalist,female
Eric Berlow,biologist,male
Miru Kim,photographer,female
Terry Moore,author,male
Kathryn Schulz,writer,female
Dan Berkenstock,designer,male
Mark Z. Jacobson,engineer,male
Michael Bierut,designer,male
Arthur Brooks,social,male
Adam Galinsky,social,male
Daniel Engber,journalist,male
Roxane Gay,writer,female
The Lady Lifers,writer,female
Ronald Sullivan Jr.,researcher,male
Kamau Gachigi,technologist,male
Marcus du Sautoy,scientist,male
David Lee,advocate,male
Daniel Levitin,neuroscientist,male
John Green,writer,male
Jeff Iliff,neuroscientist,female
Roberto D'Angelo + Francesca Fedeli,writer,male
Melissa Fleming,expert,female
Zach Kaplan,inventor,female
Mark Kendall,engineer,male
Stephen Friend,advocate,male
Danny Dorling,social,male
Magatte Wade,advocate,female
Jill Sobule,singer,female
Simone Giertz,inventor,female
Manoush Zomorodi,entrepreneur,female
Dan Pink,social,male
Edward Tenner,historian,male
Jimmy Nelson,photographer,male
Mara Mintzer,advocate,female
Tim Leberecht,educator,male
Karen Thompson Walker,poet,female
Thomas Dolby,technologist,male
Wendy Suzuki,neuroscientist,female
Heather Lanier,poet,female
Özlem Cekic,author,female
Ron Gutman,entrepreneur,male
Alan Russell,technologist,male
Rachel Pike,inventor,female
Irina Kareva,biologist,female
Cyndi Stivers,economist,female
R. Luke DuBois,engineer,male
Philippa Neave,historian,female
Amos Winter,engineer,female
Regina Dugan,designer,female
Jennifer Doudna,biologist,female
Howard Rheingold,advocate,male
Sara Menker,entrepreneur,female
Tan Le,entrepreneur,female
Quyen Nguyen,technologist,female
Azim Khamisa,author,male
Julia Shaw,scientist,female
Lera Boroditsky,scientist,female
Shea Hembrey,artist,male
Toby Eccles,social,male
Erik Schlangen,physicist,male
Scott McCloud,educator,male
Edith Widder,biologist,female
Anjan Chatterjee,neuroscientist,male
Ann Morgan,author,female
Rutger Bregman,historian,male
Noah Wilson-Rich,writer,male
Chris Abani,poet,male
Liz Diller,designer,female
Nancy Lublin,activist,female
Yochai Benkler,expert,male
James Balog,photographer,male
Gary Flake,technologist,male
Robert Sapolsky,neuroscientist,male
Arianna Huffington,journalist,female
Philip Rosedale,entrepreneur,male
Carolyn Steel,expert,female
Annie Murphy Paul,author,female
Bobby Ghosh,economist,male
Eric Whitacre,musician,male
David Rockwell,architect,male
Steven Strogatz,scientist,male
Helen Pearson,author,female
Kim Gorgens,writer,female
Nadia Al-Sakkaf,journalist,female
Heather Knight,roboticist,female
Ethan Nadelmann,expert,male
Tina Seelig,educator,female
Stephen DeBerry,expert,male
Caleb Harper,expert,male
Doris Kim Sung,architect,female
Craig Venter,biologist,male
Anne Lamott,poet,female
Geraldine Hamilton,researcher,female
Michael Rain,advocate,male
Casey Brown,historian,female
Kimberlé Crenshaw,advocate,female
Susan Cain,designer,female
Mae Jemison,engineer,female
Ray Dalio,engineer,male
Celeste Headlee,writer,female
Teresa Bejan,author,female
iO Tillett Wright,photographer,male
Mina Bissell,researcher,female
Hasan Elahi,artist,male
Joy Sun,social,female
Sakena Yacoobi,activist,female
Ursus Wehrli,activist,male
Dan Buettner,photographer,male
Isaac Mizrahi,designer,male
Brian Dettmer,advocate,male
Cheyenne Cochrane,advocate,female
Rajiv Maheswaran,researcher,male
José Bowen,advocate,male
Ole Scheeren,architect,male
Madeleine  Albright,author,female
Kristie Overstreet,researcher,female
Karina Galperin,engineer,female
Rokia Traore,singer,female
Massimo Banzi,physicist,male
Jorge Soto,technologist,male
Carina Morillo,advocate,male
Bill Strickland,social,male
Jimmy Wales,social,female
Benjamin Grant,author,male
Monica Lewinsky,social,female
Daniele Quercia,researcher,male
Rachel Armstrong,scientist,female
Niels Diffrient,designer,male
Laurie Santos,psychologist,female
Jeff Skoll,activist,male
Katrina Spade,advocate,female
Paul Rucker,artist,male
Dawn Landes,singer,female
Sara Ramirez,singer,female
Ernesto Sirolli,expert,male
Gero Miesenboeck,writer,male
Caroline Paul,author,female
Amy Green,designer,female
Rola Hallam,entrepreneur,female
Ted Halstead,expert,male
Lindsay Malloy,researcher,female
Mandy Len Catron,writer,female
Martin Seligman,psychologist,male
Jennifer Granholm,writer,female
Hetain Patel,artist,male
Rachel Wurzman,neuroscientist,female
Anika Paulson,musician,female
Sophie Scott,neuroscientist,female
David Macaulay,author,male
Eric Dyer,educator,male
Paul Tasner,entrepreneur,male
Temple Grandin,designer,female
Thomas Piketty,economist,male
Hanna Rosin,journalist,female
Paul Gilding,writer,male
Robert Fischell,inventor,male
Jeremy Gilley,activist,male
Alan Lightman,physicist,male
Judy MacDonald Johnston,entrepreneur,female
Will Wright,designer,male
Khalida Brohi,activist,female
Zeresenay Alemseged,researcher,male
Bronwyn King,advocate,female
Bruce Aylward,expert,male
Debra Jarvis,author,male
David Rothkopf,expert,male
Sting,singer,male
Ron Finley,author,male
Georgette Mulheir,designer,female
Kristina Gjerde,expert,female
Will Potter,journalist,male
Sherry Turkle,historian,female
Salvatore Iaconesi,engineer,male
Molly Crockett,neuroscientist,female
Avi Rubin,expert,male
Naturally 7,singer,female
Gary  Greenberg,photographer,male
Geoffrey Canada,activist,male
Catherine Crump,advocate,female
Joan Blades,advocate,female
Jae Rhim Lee,artist,female
Aziz Abu Sarah,entrepreneur,male
Jeff Han,designer,male
Mac Stone,photographer,male
Nalini Nadkarni,researcher,female
Amanda Bennett,journalist,female
Srdja Popovic,artist,female
Stewart Brand,technologist,female
Don Norman,scientist,male
Lisa Margonelli,writer,female
Majora Carter,activist,male
Mike Rowe,advocate,male
Jackie Savitz,advocate,female
Teitur,singer,male
Robin Sanders,artist,female
Carvens Lissaint,artist,male
Ingrid Fetell Lee,designer,female
Tania Simoncelli,expert,female
Steven Cowley,physicist,male
Jennifer Murphy,writer,female
Eleni Gabre-Madhin,economist,male
Kiran Bedi,biologist,female
Jason deCaires Taylor,physicist,male
David Christian,historian,male
Chetan Bhatt,activist,male
Allan Savory,biologist,male
Jason Fried,entrepreneur,male
Alyson McGregor,advocate,female
Natalie Warne,activist,female
Samantha Power,scientist,female
Paul Collier,economist,male
Philippe Starck,designer,male
David Binder,singer,male
Baba Shiv,writer,male
Richard J. Berry,writer,male
Nancy Rabalais,educator,female
Beth Noveck,expert,female
Tim Kruger,researcher,male
Lisa Feldman Barrett,neuroscientist,female
Patience Mthunzi,scientist,female
David Autor,economist,male
Pete Alcorn,expert,male
Gary Wolf,journalist,male
Safwat Saleem,filmmaker,male
Judith Heumann,activist,female
Amory Lovins,physicist,male
Wael Ghonim,engineer,male
Jamie Bartlett,social,male
Jackson Katz,educator,male
Christopher Soghoian,researcher,male
Francis Collins,poet,male
Klaus Stadlmann,engineer,male
Leana Wen,advocate,female
Kevin Allocca,historian,male
Brian Goldman,poet,male
Tom Wujec,designer,male
Bruno Bowden,engineer,male
Alec Soth,photographer,male
Patricia Ryan,historian,female
Parag Khanna,advocate,male
Ashton Applewhite,author,female
Laura Schulz,scientist,female
David Baron,historian,male
Carolyn Porco,scientist,female
James Nachtwey,filmmaker,male
Andrew Connolly,educator,male
Michelle Knox,expert,female
Tom Honey,author,male
Anil Gupta,advocate,male
Tom Griffiths,psychologist,male
Stephen Petranek,historian,male
Sebastian Thrun,entrepreneur,male
Trita Parsi,scientist,male
David Perry,designer,male
Caroline Weaver,author,female
Chade-Meng Tan,scientist,male
P.W. Singer,social,male
Laura Trice,expert,female
Spencer Wells,writer,male
Leticia Gasca,author,female
Kevin Kelly,technologist,male
Nina Fedoroff,biologist,female
Charmian Gooch,activist,female
Reggie Watts,activist,male
George Monbiot,writer,male
Jeremy Heimans,activist,male
Ayah Bdeir,engineer,female
Diana Nyad,journalist,female
Luke Sital-Singh,singer,male
Wanis Kabbaj,expert,male
David Hanson,designer,male
Laurel Braitman,historian,female
Meron Gribetz,social,male
Patricia Burchat,physicist,female
Joey Alexander,musician,male
Yves Behar,designer,male
Lisa Genova,neuroscientist,female
Keith Bellows,writer,male
George Ayittey,economist,male
Ashraf Ghani,economist,male
Paul Conneally,social,male
Nora York,singer,female
May El-Khalil ,social,female
Honor Harger,artist,female
Peter Singer,philosopher,male
Eman Mohammed,filmmaker,female
Adam Spencer,historian,male
Jherek Bischoff,musician,male
Mona Chalabi,journalist,female
Edward Burtynsky,photographer,male
James Forbes,writer,male
Sebastian Junger,journalist,male
Anders Ynnerman,expert,male
Alice Bows-Larkin,advocate,female
Yves Morieux,historian,male
Megan Washington,musician,female
Diana Laufenberg,educator,female
Priya Vulchi,social,female
George Steinmetz,photographer,male
Ben Cameron,activist,male
Amanda Burden,designer,female
Sheryl Sandberg,technologist,female
Angela Wang,expert,female
Arik Hartmann,writer,male
Christopher Ategeka,entrepreneur,male
Sebastian Kraves,entrepreneur,male
Jeffrey Brown,author,male
Joe Smith,advocate,male
Eric Liu,educator,male
Kristen Ashburn,photographer,female
Christopher Ryan,psychologist,male
Iyad Rahwan,social,male
Marco Alverà,expert,male
Emtithal Mahmoud,poet,female
Sarah Parcak,historian,female
Stuart Firestein,neuroscientist,male
Anjali Kumar,author,female
Jakob Magolan,inventor,male
Aaswath Raman,engineer,male
Diane Benscoter,writer,female
Erricka Bridgeford,activist,female
Gever Tulley,writer,female
Eythor Bender,designer,male
LB Hannahs,educator,female
Thomas P. Campbell,designer,male
Erica Stone,writer,female
Todd Scott,entrepreneur,male
Alex Edmans,economist,male
Ione Wells,activist,female
Jonathan Foley,researcher,female
Gretchen Carlson,advocate,female
William Li,researcher,female
Rebecca Onie,advocate,female
Auret van Heerden,activist,male
Wayne McGregor,inventor,male
Larry Page,scientist,male
Robert Gupta,historian,male
Sarah Corbett,writer,female
Fadi Chehadé,technologist,male
Steven Levitt,economist,male
Jude Kelly,singer,female
Tracy Chevalier,author,female
Elizabeth Nyamayaro,scientist,female
Jessi Arrington,designer,female
Franklin Leonard,singer,male
Robert Hakiza,expert,male
Tali Sharot,neuroscientist,female
Peter Hirshberg,entrepreneur,male
Robert Muggah,expert,male
Grady Booch,philosopher,male
Noriko Arai,expert,female
Scott Summit,designer,male
Stacey Kramer,advocate,female
Chip Kidd,designer,male
Lauren Zalaznick,expert,female
Kenichi Ebina,inventor,male
Daphne Bavelier,researcher,female
Paul Bennett,designer,male
Mary Norris,economist,female
Bill Davenhall,expert,male
Veerle Provoost,advocate,female
Natasha Hurley-Walker,educator,female
Benjamin Barber,scientist,male
Dan Ellsey,musician,male
William Black,author,male
Finn Lützow-Holm Myrstad,researcher,male
Kasiva Mutua,writer,female
Bran Ferren,designer,female
Tal Danino,biologist,male
Joy Buolamwini,poet,female
Françoise Mouly,historian,female
Tom Shannon,physicist,male
Mindy Scheier,designer,male
Manu Prakash,physicist,male
Leyla Acaroglu,expert,female
Roz Savage,advocate,female
Alex Kipman,inventor,male
A Tribe Called Red,entrepreneur,female
Jake Barton,designer,male
Andrew McAfee,researcher,male
David Hoffman,filmmaker,male
Rosie King,activist,female
Opal Tometi,activist,female
Zainab Salbi,social,female
Dustin Yellin,physicist,male
Pia Mancini,activist,female
Shai Agassi,biologist,male
Aziza Chaouni,architect,female
Fabian Hemmert,designer,male
Anna Rothschild,journalist,female
Chris Jordan,artist,male
Irwin Redlener,activist,male
Ariel Garten,entrepreneur,female
Sayu Bhojwani,engineer,female
Golan Levin,artist,male
Wanda Diaz Merced,musician,female
Caitlin Quattromani,expert,female
Siddhartha Mukherjee,writer,male
Ben Wellington,scientist,male
Richard Seymour,designer,female
Jason Webb,designer,male
Neil MacGregor,designer,male
Robin Chase,entrepreneur,female
Euna Lee,journalist,female
Gonzalo Vilariño,advocate,male
Rajesh Rao,neuroscientist,male
Fahad Al-Attiya,expert,male
Sarah Gray,writer,male
Travis Rieder,advocate,male
Charles Robertson,economist,male
George Dyson,historian,male
Laura Indolfi,entrepreneur,female
David R. Dow,advocate,male
Isadora Kosofsky,filmmaker,female
Sarah Lewis,writer,female
Anthony Atala,technologist,male
Chris Bliss,writer,male
OluTimehin Adegbeye,activist,female
Daniel Libeskind,architect,male
Tim Jackson,economist,male
Sean Follmer,researcher,male
Nancy Kanwisher,researcher,female
Zahra' Langhi,activist,female
Chelsea Shields,activist,female
Michael Shellenberger,expert,male
Matt Mills,technologist,female
Frank Gehry,architect,male
George Takei,activist,male
Paul Piff,social,male
Tom Stranger,author,male
Malte Spitz,activist,male
Oded Shoseyov,writer,male
Chris Kluwe,author,male
Suzanne Lee,designer,female
Kwame Anthony Appiah,philosopher,male
Tristram Stuart,author,male
James Surowiecki,journalist,male
Shimpei Takahashi,designer,male
Mustafa Akyol,journalist,male
Clayton Cameron,writer,male
Michael Porter,advocate,male
Robin Morgan,poet,female
Keller Rinaudo,entrepreneur,male
Sō Percussion,singer,female
Adam Ostrow,journalist,male
Seyi Oyesola,author,female
Edward Snowden,writer,male
Naomi Shah,historian,female
Daniel Suarez,author,male
Apollo Robbins,writer,male
Dena Simmons,educator,female
Judson Brewer,author,male
Greg Lynn,designer,male
Lorrie Faith Cranor,researcher,female
Ellen Jorgensen,advocate,female
Jamie Drummond,activist,female
Anthony D. Romero,activist,female
Maya Beiser,singer,female
Peter Donnelly,scientist,male
Diana Reiss,psychologist,female
Esta Soler,expert,female
Musimbi Kanyoro,activist,female
Eric Mead,writer,male
Kent Larson,architect,male
Aimee Mullins,singer,female
John Wilbanks,advocate,female
Kate Raworth,economist,female
Pardis Sabeti,neuroscientist,female
Raphael Arar,researcher,male
Guy Hoffman,roboticist,male
Kevin Rudd,expert,male
Diane Savino,writer,female
Qudus Onikeku,inventor,male
Randy Pausch,researcher,male
David Blaine,artist,male
Dong Woo Jang,designer,male
Ann Cooper,author,female
Chris Downey,architect,male
Alexandra Sacks,neuroscientist,female
Jack Horner,entrepreneur,male
Eric Giler,writer,female
Yang Lan,expert,female
Bill Gates,poet,male
Lisa Nip,biologist,female
David Puttnam,activist,male
Gary Slutkin,expert,male
Young-ha Kim,writer,male
John Hunter,educator,male
Amy Purdy,writer,female
Vishal Vaid,musician,male
Keith Nolan,advocate,male
Tamara Roukaerts,advocate,female
Zeynep Tufekci,economist,female
Jacqueline Novogratz,advocate,female
Barry Schuler,entrepreneur,male
Thomas Thwaites,designer,male
Iwan Baan,expert,male
Bettina Warburg,researcher,female
Bono,musician,male
Alice Rawsthorn,social,female
Cédric Villani,scientist,male
Kitra Cahana,artist,male
Tristan Harris,author,male
Sue Jaye Johnson,filmmaker,female
Roger Doiron,activist,male
David Brooks,writer,male
Jeff Speck,designer,male
Genevieve von Petzinger,researcher,female
Helen Fisher,expert,female
Ron McCallum,activist,male
Robert Swan,photographer,male
Fawn Qiu,technologist,female
Aleph Molinari,economist,male
Malcolm McLaren,writer,male
Penelope Boston,scientist,female
Magda Sayeg,artist,female
Sethembile Msezane,artist,female
Lauren Pharr,expert,female
Jesse Schell,designer,male
Geoffrey West,social,male
Hugh Evans,psychologist,male
Kelli Swazey,expert,male
Dilip Ratha,expert,male
Joi Ito,writer,male
David Byrne,musician,male
John Legend,musician,male
Andreas Ekström,author,male
Tom Gruber,designer,male
Bill Joy,technologist,male
Jeff Kirschner,entrepreneur,male
Bill Ford,engineer,male
Margaret Bourdeaux,expert,female
Melissa Garren,biologist,female
Anne Milgram,advocate,female
Julian Treasure,historian,male
Daniel Kahneman,economist,male
Martin Pistorius,author,male
Sarah Jones,poet,female
Ralph Langner,researcher,male
Nick Sears,inventor,male
Newton Aduaka,filmmaker,male
Asali DeVan Ecclesiastes,advocate,female
Jonathan Haidt,social,male
Aicha el-Wafi + Phyllis Rodriguez,writer,female
British Paraorchestra,technologist,male
Jessica Green,engineer,female
Natasha Tsakos,artist,female
Nicholas Stern,economist,male
Nicole Paris and Ed Cage,writer,female
Al Seckel,artist,male
Lennart Green,writer,male
Christine Porath,researcher,female
Andrew Bastawrous,inventor,male
Robert Lee Hotz,journalist,male
Svante Pääbo,biologist,male
Naomi McDougall Jones,activist,female
Noreena Hertz,economist,female
Burçin Mutlu-Pakdil,musician,male
Louie Schwartzberg,filmmaker,male
Enric Sala,biologist,male
Dean Kamen,inventor,male
Gastón Acurio,activist,male
Anand Varma,photographer,male
Stephen Burt,social,male
Reuben Margolin,physicist,male
Marc Raibert,roboticist,male
Niti Bhan,advocate,female
Hadyn Parry,entrepreneur,male
Ellen Støkken Dahl,writer,female
Rodney Mullen,writer,male
Melati and Isabel Wijsen,writer,female
Marily Oppezzo,scientist,female
Tamekia MizLadi Smith,poet,female
Gary Lauder,author,male
Nigel Marsh,author,female
Vernā Myers,advocate,female
Matt Kenyon,artist,male
Lauren Hodge,historian,female
Anne Madden,inventor,female
Stephen Palumbi,biologist,male
Eli Pariser,author,male
Erik Hersman,technologist,male
Kio Stark,poet,female
Tod Machover,inventor,male
Christien Meindertsma,artist,female
Bilal Bomani,scientist,male
Maajid Nawaz,activist,male
Amy Cuddy,social,female
Laura Vanderkam,author,female
Joseph DeSimone,inventor,male
Rodney Brooks,roboticist,male
Nina Dølvik Brochmann,writer,female
Gordon Brown,designer,male
Tyrone Hayes,biologist,male
Thomas Barnett,advocate,male
Taylor Wilson,scientist,male
Richard Resnick,entrepreneur,male
Memory Banda,activist,female
Vusi Mahlasela,musician,male
Anastasia Taylor-Lind,photographer,female
Eli Beer,researcher,male
Maira Kalman,author,female
Mallory Freeman,activist,female
Dan Gross,activist,male
Richard Browning,social,female
Eric Hirshberg,designer,male
Gregory Stock,author,male
Peter van Uhm,author,male
Alvin Irby,social,male
OK Go,historian,male
Somi,musician,female
Richard Turere,inventor,male
"Christopher ""moot"" Poole",social,female
Michael Sandel,philosopher,male
Seth Priebatsch,entrepreneur,male
Severine Autesserre,researcher,female
Richard Ledgett,designer,male
Andrés Ruzo,writer,male
Michael Dickinson,biologist,male
Ron Eglash,scientist,male
Wingham Rowan,entrepreneur,male
Joshua Smith,researcher,male
BLACK,expert,male
Sanjay Pradhan,economist,male
Marc Bamuthi Joseph,activist,male
Mike Biddle,writer,male
Arthur Potts Dawson,activist,male
Dr. Hawa Abdi + Dr. Deqo Mohamed,advocate,female
Jennifer Golbeck,scientist,female
Alice Dreger,historian,female
Rocío Lorenzo,researcher,female
Skylar Tibbits,inventor,male
Joseph Kim,advocate,male
Hamish Jolly,inventor,male
Graham Hill,journalist,male
Jared Ficklin,writer,male
John Maeda,artist,male
Aris Venetikidis,writer,male
Jonathan Trent,scientist,male
Jessica Pryce,advocate,female
Andy Yen,technologist,male
Thomas Peschak,photographer,male
Stephen Ritz,advocate,male
Stefan Wolff,engineer,male
Richard Feynman,physicist,male
His Holiness the Karmapa,expert,male
Caitlin Doughty,writer,female
Joan Halifax,author,female
Khadija Gbla,historian,female
William Noel,advocate,male
Camille A. Brown,educator,female
Gary Kovacs,advocate,male
Sean Gourley,physicist,male
Robb Willer,social,male
Michael Pritchard,inventor,female
Clay Shirky,social,male
Harvey Fineberg,expert,male
Ed Yong,historian,male
Adam Grosser,author,male
John Bohannon,historian,male
Peter Calthorpe,designer,male
Charles Hazlewood,musician,male
Rob Harmon,expert,male
Jehane Noujaim,filmmaker,female
Vinay Shandal,expert,male
Adam Foss,advocate,male
Joshua Prager,journalist,male
Daniel Schnitzer,engineer,male
Shukla Bose,activist,female
Tracee Ellis Ross,artist,female
Mike Matas,engineer,male
Wendy Troxel,researcher,female
Preston Reed,designer,male
Richard Sears,writer,male
Eric Berridge,entrepreneur,male
Anand Agarawala,technologist,male
Charles C. Mann,journalist,male
Will Marshall,scientist,male
Jessica Jackley,writer,female
JD Schramm,historian,male
David Pogue,historian,male
Jessa Gamble,writer,female
Tasso Azevedo,activist,male
Taryn Simon,artist,female
Serena Williams,activist,female
Alastair Gray,author,male
Becci Manson,photographer,female
Chera Kowalski,technologist,female
Hasini Jayatilaka,researcher,female
His Holiness Pope Francis,writer,male
Kai-Fu Lee,scientist,male
Rufus Cappadocia,singer,male
The TED Staff,writer,female
Sal Khan,social,male
David Bismark,designer,male
Gabriela González,musician,female
Cindy Gallop,expert,female
Andrew Stanton,filmmaker,male
T. Boone Pickens,entrepreneur,female
Todd Coleman,social,female
Chrystia Freeland,writer,female
Renata Salecl,social,female
Dave Troy,technologist,male
Mundano,activist,male
Jack Conte,musician,male
Melvin Russell,advocate,female
Marcin Jakubowski,technologist,male
James Stavridis,writer,male
Halima Aden,activist,female
Brian Skerry,photographer,male
Martine Rothblatt,writer,female
Christopher deCharms,researcher,male
Walé Oyéjidé,musician,male
Cameron Sinclair,social,male
Laura Boushnak,photographer,female
Norman Foster,architect,male
Amar Inamdar,entrepreneur,male
Jan Chipchase,expert,male
Stephen Wolfram,inventor,male
Charlie Todd,activist,male
Titus Kaphar,artist,male
Moshe Szyf,writer,male
Leila Takayama,social,female
Kid President,writer,male
Joachim de Posada,author,male
Fred Swaniker,entrepreneur,male
Ameera Harouda,writer,female
Minda Dentler,activist,female
Jack Andraka,inventor,male
Richard Preston,writer,male
Sara Lewis,advocate,female
Jarrett J. Krosoczka,author,male
Isabel Behncke,neuroscientist,female
Jennifer Senior,writer,female
Parul Sehgal,social,female
Uri Hasson,neuroscientist,male
Mikhail Zygar,filmmaker,male
Carolyn Jones,historian,female
Paolo Cardini,designer,male
Sivamani,writer,male
Lee Cronin,inventor,male
Lily Tomlin,activist,female
Jon Boogz,artist,male
Joseph Pine,writer,male
Cameron Russell,activist,female
Matt Cutts,technologist,male
Jer Thorp,artist,male
Ray Kurzweil,inventor,male
Lucianne Walkowicz,educator,female
Tierney Thys,biologist,female
Jim Holt,philosopher,male
Andreas Schleicher,activist,male
Sarah-Jayne Blakemore,neuroscientist,female
Del Harvey,researcher,female
Joseph Nye,historian,male
David Miliband,advocate,male
Nancy Etcoff,psychologist,female
Amy Smith,engineer,female
Jon Bergmann,educator,male
Ken Jennings,writer,male
Atul Gawande,writer,male
Nathan Wolfe,writer,female
Adam Alter,psychologist,male
Magnus Larsson,architect,male
Cristina Domenech,poet,female
Rick Warren,author,male
Juan Enriquez,technologist,male
Corneille Ewango,activist,male
Ellen 't Hoen,expert,female
Lewis Pugh,inventor,male
Mark Pollock,photographer,male
Toby Shapshak,writer,male
Felix Dennis,poet,male
Anna Mracek Dietrich,inventor,female
Jeremy Forbes,researcher,male
Thulasiraj Ravilla,activist,male
Jacek Utko,designer,male
Garik Israelian,musician,male
James Randi,educator,male
Nathan Myhrvold,writer,male
Jamie Oliver,activist,male
Juliana Machado Ferreira,biologist,female
Ryan Gravel,author,male
Louise Leakey,researcher,female
Paddy Ashdown,historian,male
Matt Russo,musician,male
Joseph Lekuton,writer,male
Thomas Pogge,philosopher,male
Elizabeth Pisani,author,female
David Sedlak,engineer,male
Daniel H. Cohen,philosopher,male
Shekhar Kapur,writer,male
Christian Picciolini,advocate,male
Elizabeth Blackburn,biologist,female
Ashton Cofer,inventor,male
Jok Church,educator,male
BJ Miller,advocate,male
Keolu Fox,activist,male
Ahn Trio,writer,female
Inara George,singer,female
Deeyah Khan,filmmaker,female
Ananda Shankar Jayant,inventor,female
Morley,singer,female
Paul Sereno,historian,male
Mathieu Lehanneur,designer,male
Larry Smith,researcher,male
Kim Katrin Milan,educator,female
Deborah Scranton,filmmaker,female
Megan Phelps-Roper,activist,female
Eric Dishman,social,male
Rob Reid,author,male
Felice Belle,poet,female
Ze Frank,artist,male
Daria van den Bercken,musician,female
Catarina Mota,photographer,female
Kenneth Cukier,economist,female
Shubhendu Sharma,entrepreneur,male
Brenda Romero,designer,female
Dorothy Roberts,advocate,female
Kailash Satyarthi,activist,male
Geoff Mulgan,social,male
Kees Moeliker,writer,male
Anand Giridharadas,writer,male
Leila Hoteit,advocate,female
Chinaka Hodge,educator,female
Gavin Schmidt,scientist,male
Charity Wayua,researcher,female
Siegfried Woldhek,author,male
Kym Worthy,writer,male
Caroline Lavelle,singer,female
Martin Hanczyc,inventor,male
Manuel Lima,researcher,male
Alessandra Orofino,activist,female
Justin Baldoni,filmmaker,male
James Geary,writer,male
Philippe Petit,artist,male
Carlo Ratti,engineer,male
Gill Hicks,activist,female
Tricia Wang,historian,female
Afra Raymond,activist,male
Alison Jackson,artist,male
Anne-Marie Slaughter,expert,female
Robert Thurman,engineer,male
Takaharu Tezuka,architect,male
Srikumar Rao,researcher,male
John Wooden,expert,male
Shai Reshef,entrepreneur,male
Stacy Smith,researcher,female
Franz Freudenthal,psychologist,male
Peter van Manen,expert,male
Soraya Chemaly,author,female
Ian Ritchie,entrepreneur,male
Joel Burns,technologist,male
Shabana Basij-Rasikh,educator,female
Bruce McCall,historian,male
Asha de Vos,writer,female
Jackson Browne,musician,male
Peter Saul,advocate,male
Oliver Sacks,expert,male
Jonathan Eisen,biologist,female
Kartick Satyanarayan,photographer,male
Cynthia Schneider,expert,female
Laura Carstensen,psychologist,female
Linda Cliatt-Wayman,artist,female
Heribert Watzke,scientist,male
Eddie Obeng,educator,male
Pierre Barreau,entrepreneur,male
Onora O'Neill,philosopher,female
James Veitch,writer,male
Joel Jackson,entrepreneur,male
Lisa Gansky,entrepreneur,female
Barton Seaver,activist,male
Julio Gil,expert,male
Emily Balcetis,psychologist,female
Usman Riaz,artist,female
Fabian Oefner,photographer,male
Alex Laskey,engineer,female
Dan Gibson,writer,male
Julie Burstein,writer,female
Kenneth Lacovara,historian,male
Alexander Tsiaras,technologist,male
Matthew Carter,designer,male
Naomi Klein,journalist,female
Sarah Kaminsky,writer,male
Mary Robinson,economist,female
Sonia Shah,historian,female
Heidi M. Sosik,inventor,female
Pamela Ronald,biologist,female
Gabby Giffords and Mark Kelly,engineer,male
Matt Killingsworth,researcher,male
Miho Janvier,physicist,female
Charles Leadbeater,advocate,male
